{
	"params": {
		"fractal": "sierpinski-icosahedron.glsl",
		"CAMERA_BOKEH": 0,
		"CAMERA_FOCUS": 1,
		"CAMERA_TILT": 0,
		"CAMERA_ZOOM": 1.5,
		"COLOR_HUE_SCALE": -0.7962,
		"COLOR_HUE_OFFSET": 0.6513,
		"COLOR_SATURATION": 0.6,
		"COLOR_VALUE": 0.7,
		"NUM_ITERATIONS": 15,
		"SCALE": 2.0125,
		"C_X": 0.7817,
		"C_Y": 0.2104,
		"C_Z": 0.8903,
		"ROT1_X": -0.1975,
		"ROT1_Y": -0.389,
		"ROT1_Z": -7.7015,
		"ROT2_X": 5.6669,
		"ROT2_Y": -29.9861,
		"ROT2_Z": 6.7081
	},
	"camera": {
		"position": {
			"x": 0.4792545432203358,
			"y": -0.0127464844368705,
			"z": -1.0300146169147197
		},
		"rotation": {
			"_x": 0.011999999999999286,
			"_y": -9.828000000000067,
			"_z": 0,
			"_order": "YXZ"
		},
		"speed": 1
	}
}