{
	"params": {
		"fractal": "sierpinski-octahedron.glsl",
		"CAMERA_BOKEH": 0,
		"CAMERA_FOCUS": 1,
		"SCALE": 1.837,
		"ROT1_X": 6.3959,
		"ROT1_Y": 34.1025,
		"ROT1_Z": 7.4419,
		"ROT2_X": 4.9006,
		"ROT2_Y": -2.7079,
		"ROT2_Z": 2.8938,
		"COLOR_HUE_SCALE": -1.0272,
		"COLOR_HUE_OFFSET": 0.4747,
		"COLOR_SATURATION": 0.6,
		"COLOR_VALUE": 0.7,
		"CAMERA_TILT": 0,
		"CAMERA_ZOOM": 1.5,
		"NUM_ITERATIONS": 15,
		"C_X": 1,
		"C_Y": 0,
		"C_Z": 0
	},
	"camera": {
		"position": {
			"x": 0.4839608712692252,
			"y": 0.6339927713726149,
			"z": 1.3642588249229337
		},
		"rotation": {
			"_x": -0.3900000000000003,
			"_y": 6.698999999999985,
			"_z": 0,
			"_order": "YXZ"
		},
		"speed": 1
	}
}