{
	"params": {
		"fractal": "sierpinski-octahedron.glsl",
		"CAMERA_BOKEH": 0,
		"CAMERA_FOCUS": 1,
		"SCALE": 1.6202,
		"ROT1_X": 20.498,
		"ROT1_Y": 6.8197,
		"ROT1_Z": 1.8382,
		"ROT2_X": 3.5457,
		"ROT2_Y": -3.4654,
		"ROT2_Z": 5.3548,
		"COLOR_HUE_SCALE": -2.418,
		"COLOR_HUE_OFFSET": 0.1178,
		"COLOR_SATURATION": 0.6,
		"COLOR_VALUE": 0.7,
		"CAMERA_TILT": 0,
		"CAMERA_ZOOM": 1.5,
		"NUM_ITERATIONS": 20,
		"C_X": 1,
		"C_Y": 0,
		"C_Z": 0
	},
	"camera": {
		"position": {
			"x": 0.7471695813579208,
			"y": 0.8314616868200102,
			"z": 1.1848171263261273
		},
		"rotation": {
			"_x": -0.5010000000000003,
			"_y": 6.890999999999982,
			"_z": 0,
			"_order": "YXZ"
		},
		"speed": 1
	}
}